[{
  "_id": {
    "$oid": "5eb6945d67972149a0661a10"
  },
  "name": "Vegetables",
  "__v": 0
},{
  "_id": {
    "$oid": "5eb6946a67972149a0661a11"
  },
  "name": "Fruits",
  "__v": 0
},{
  "_id": {
    "$oid": "5eb6947667972149a0661a12"
  },
  "name": "Masala and Spices",
  "__v": 0
},{
  "_id": {
    "$oid": "5eb6948067972149a0661a13"
  },
  "name": "Beverages",
  "__v": 0
},{
  "_id": {
    "$oid": "5eb6948a67972149a0661a14"
  },
  "name": "Snacks",
  "__v": 0
},{
  "_id": {
    "$oid": "5eb6949c67972149a0661a15"
  },
  "name": "Bread",
  "__v": 0
},{
  "_id": {
    "$oid": "5eb694a367972149a0661a16"
  },
  "name": "Dairy",
  "__v": 0
}]